Name,Team,Pos,ab ,runs ,hrs ,rbi ,sb ,ave ,obp ,hits ,2b ,3b ,bb ,so ,slg ,ops 
Mike Trout,LAA,CF,561,106,36,101,15,0.301,0.398,169,33,7,91,141,0.576,0.974
Bryce Harper,WSH,"CF,RF",520,100,35,94,7,0.307,0.419,160,30,2,100,126,0.576,0.996
Kris Bryant,CHC,"3B,RF",562,91,31,105,12,0.272,0.358,153,31,4,75,175,0.507,0.865
Andrew McCutchen,PIT,CF,559,91,23,92,14,0.298,0.392,167,35,4,87,117,0.5,0.892
Paul Goldschmidt,ARI,1B,544,97,30,100,15,0.301,0.41,164,37,2,101,139,0.543,0.952
Manny Machado,BAL,"3B,SS",593,90,27,83,15,0.285,0.346,169,32,2,55,97,0.483,0.829
Giancarlo Stanton,MIA,RF,502,87,38,98,7,0.269,0.364,135,26,2,75,145,0.557,0.921
Carlos Correa,HOU,SS,572,82,24,93,21,0.277,0.34,159,33,3,54,108,0.472,0.812
Mookie Betts,BOS,"CF,RF",601,95,18,74,24,0.293,0.353,176,41,6,55,79,0.467,0.82
Jose Bautista,TOR,"RF,DH",516,93,34,98,6,0.256,0.368,132,25,2,91,101,0.507,0.875
Chris Davis,BAL,"1B,RF,DH",544,88,40,105,2,0.248,0.335,135,26,1,71,180,0.521,0.856
J.D. Martinez,DET,RF,574,83,32,95,4,0.278,0.33,159,32,2,45,150,0.507,0.837
Josh Donaldson,TOR,3B,581,98,32,102,5,0.277,0.352,161,34,2,67,120,0.509,0.86
A.J. Pollock,ARI,CF,574,91,15,63,28,0.29,0.343,166,36,6,46,86,0.453,0.795
Starling Marte,PIT,"LF,CF",574,84,17,71,30,0.283,0.32,162,32,5,31,121,0.442,0.762
Jose Altuve,HOU,2B,632,90,11,61,38,0.31,0.345,196,39,3,34,61,0.436,0.782
Justin Upton,DET,LF,554,87,28,86,13,0.265,0.344,147,30,3,67,143,0.476,0.82
Nelson Cruz,SEA,"RF,DH",559,80,34,92,3,0.27,0.331,151,24,1,51,136,0.497,0.828
Miguel Cabrera,DET,1B,542,86,27,97,1,0.312,0.394,169,33,1,73,102,0.525,0.919
Anthony Rizzo,CHC,1B,568,94,31,99,11,0.273,0.359,155,34,2,76,108,0.506,0.865
Buster Posey,SF,"C,1B",533,71,19,85,2,0.308,0.371,164,28,1,53,60,0.47,0.84
Jose Abreu,CWS,"1B,DH",584,88,32,100,1,0.289,0.34,169,32,2,45,121,0.515,0.855
Adam Jones,BAL,CF,611,83,28,89,5,0.273,0.301,167,29,3,25,109,0.468,0.769
Yoenis Cespedes,NYM,"LF,CF",585,83,28,93,6,0.266,0.307,156,31,5,35,122,0.479,0.786
Charlie Blackmon,COL,"LF,CF",590,85,16,61,30,0.28,0.324,165,30,6,39,96,0.43,0.755
Ryan Braun,MIL,RF,521,78,23,81,17,0.275,0.339,143,28,3,50,110,0.473,0.812
Kyle Schwarber,CHC,"C,LF",483,83,28,83,5,0.26,0.349,125,22,3,66,134,0.485,0.834
Nolan Arenado,COL,3B,584,82,31,102,3,0.284,0.323,166,41,3,34,85,0.524,0.847
George Springer,HOU,"CF,RF",521,83,26,76,19,0.257,0.339,134,23,2,65,151,0.461,0.8
Carlos Gonzalez,COL,RF,503,76,30,86,5,0.268,0.327,135,26,3,44,117,0.514,0.841
Jason Heyward,CHC,"CF,RF",556,86,16,67,18,0.279,0.355,155,32,3,66,94,0.431,0.786
Xander Bogaerts,BOS,SS,595,77,14,74,8,0.292,0.336,174,34,3,40,101,0.425,0.761
Carlos Gomez,HOU,CF,532,78,20,71,24,0.261,0.311,139,30,3,39,124,0.44,0.751
Lorenzo Cain,KC,CF,542,78,11,65,24,0.286,0.331,155,31,5,36,100,0.423,0.754
Yasiel Puig,LAD,RF,514,75,21,77,9,0.281,0.348,144,29,6,53,110,0.479,0.827
Edwin Encarnacion,TOR,"1B,DH",510,84,33,97,3,0.267,0.355,136,28,1,69,89,0.522,0.877
Dee Gordon,MIA,2B,600,83,4,43,53,0.294,0.331,176,23,9,33,89,0.378,0.708
Francisco Lindor,CLE,SS,602,77,13,64,19,0.275,0.324,165,28,6,44,100,0.402,0.727
Matt Kemp,SD,RF,553,72,21,81,10,0.267,0.32,148,29,3,43,130,0.443,0.763
Hunter Pence,SF,RF,539,74,19,77,10,0.273,0.327,147,27,5,43,102,0.445,0.772
Christian Yelich,MIA,"LF,CF",562,81,11,58,18,0.287,0.359,161,32,4,63,119,0.414,0.773
Ben Revere,WSH,"LF,CF,RF",573,75,2,42,33,0.302,0.332,173,19,5,26,53,0.364,0.696
Todd Frazier,CWS,3B,581,82,28,90,13,0.254,0.31,148,31,1,48,121,0.459,0.769
David Peralta,ARI,"LF,RF",518,69,17,73,8,0.288,0.34,149,28,9,40,97,0.474,0.814
Kole Calhoun,LAA,RF,583,80,22,77,5,0.262,0.316,153,27,3,45,123,0.43,0.745
Adam Eaton,CWS,CF,587,90,9,54,17,0.279,0.341,164,29,8,55,107,0.402,0.742
Joey Votto,CIN,1B,503,86,22,73,7,0.292,0.427,147,29,2,119,127,0.492,0.919
Hanley Ramirez,BOS,LF,462,68,20,72,10,0.278,0.336,128,28,1,41,80,0.467,0.803
Corey Seager,LAD,SS,559,76,17,72,5,0.272,0.323,152,34,3,42,106,0.438,0.761
Robinson Cano,SEA,2B,590,80,19,79,5,0.292,0.347,172,33,1,50,85,0.448,0.794
Gregory Polanco,PIT,RF,574,79,12,65,26,0.258,0.322,148,30,4,54,105,0.389,0.711
Miguel Sano,MIN,"3B,DH",513,81,32,90,4,0.255,0.347,131,28,2,73,172,0.507,0.854
Jacoby Ellsbury,NYY,CF,545,78,12,51,29,0.267,0.32,145,24,4,43,89,0.387,0.707
Troy Tulowitzki,TOR,SS,478,74,21,70,1,0.272,0.34,130,24,1,49,101,0.458,0.798
Michael Brantley,CLE,"LF,CF",456,63,12,67,13,0.301,0.363,137,32,1,44,47,0.453,0.816
Freddie Freeman,ATL,1B,538,80,22,82,3,0.286,0.373,154,33,2,75,120,0.477,0.85
Adrian Gonzalez,LAD,1B,558,77,25,92,0,0.276,0.34,154,30,0,54,101,0.466,0.806
Shin-Soo Choo,TEX,RF,524,84,18,65,6,0.263,0.353,138,28,2,73,131,0.427,0.781
Matt Carpenter,STL,"2B,3B",569,96,18,69,5,0.275,0.364,157,38,3,79,120,0.449,0.813
Kyle Seager,SEA,3B,588,81,24,85,7,0.266,0.327,156,31,1,54,99,0.447,0.774
Brandon Belt,SF,"1B,LF",484,69,19,69,7,0.274,0.344,133,30,3,52,127,0.466,0.81
Eric Hosmer,KC,1B,581,80,16,82,7,0.285,0.345,166,32,3,53,99,0.435,0.779
Billy Hamilton,CIN,CF,506,67,6,40,58,0.244,0.294,124,19,5,35,92,0.333,0.627
David Ortiz,BOS,"1B,DH",489,71,30,92,1,0.267,0.354,130,29,1,66,90,0.512,0.866
Gerardo Parra,COL,"LF,CF,RF",541,71,12,59,11,0.285,0.327,154,32,5,33,84,0.428,0.755
Brett Gardner,NYY,"LF,CF",542,81,14,59,18,0.255,0.326,138,26,5,57,121,0.398,0.724
Prince Fielder,TEX,"1B,DH",553,75,21,87,0,0.283,0.356,157,27,1,63,87,0.447,0.803
Jay Bruce,CIN,RF,547,72,24,83,9,0.235,0.305,128,30,2,55,139,0.433,0.738
Adrian Beltre,TEX,3B,527,74,19,79,1,0.294,0.346,155,30,3,42,66,0.464,0.809
Kevin Pillar,TOR,"LF,CF",555,67,12,58,21,0.273,0.304,151,34,3,25,81,0.405,0.709
Josh Reddick,OAK,RF,513,68,19,73,8,0.262,0.325,134,25,4,48,78,0.438,0.762
Melky Cabrera,CWS,LF,571,74,12,65,4,0.281,0.327,160,31,2,39,74,0.408,0.735
Albert Pujols,LAA,"1B,DH",541,75,28,88,4,0.257,0.313,139,26,1,44,65,0.463,0.776
Corey Dickerson,TB,LF,464,63,19,68,5,0.277,0.324,128,28,5,32,102,0.483,0.807
Brian Dozier,MIN,2B,585,89,23,76,14,0.241,0.314,141,33,3,63,124,0.426,0.74
Alex Gordon,KC,LF,530,71,17,68,7,0.263,0.341,140,29,2,62,121,0.42,0.761
Curtis Granderson,NYM,RF,520,79,22,64,9,0.241,0.334,126,25,2,73,129,0.423,0.757
Billy Burns,OAK,CF,561,73,4,45,34,0.267,0.313,150,20,7,38,86,0.346,0.659
Ben Zobrist,CHC,"2B,LF",502,78,13,59,7,0.272,0.359,136,35,3,68,72,0.426,0.785
Ian Kinsler,DET,2B,605,86,13,67,11,0.275,0.319,166,33,5,39,71,0.409,0.729
Mark Trumbo,BAL,"1B,LF,RF,DH",489,64,25,75,2,0.251,0.305,123,22,2,38,120,0.457,0.763
Elvis Andrus,TEX,SS,574,67,5,56,26,0.265,0.318,152,30,2,44,78,0.351,0.668
Ian Desmond,TEX,SS,540,66,19,67,15,0.244,0.297,131,25,3,41,144,0.406,0.703
Randal Grichuk,STL,"LF,CF,RF",497,66,22,68,6,0.255,0.296,127,28,6,29,125,0.469,0.764
Ender Inciarte,ATL,"LF,CF,RF",541,66,6,47,23,0.282,0.32,153,25,4,30,63,0.375,0.694
Josh Harrison,PIT,"2B,3B,LF,RF",503,67,9,50,14,0.287,0.319,144,35,4,24,74,0.422,0.741
Khris Davis,OAK,LF,477,65,23,75,6,0.242,0.306,115,25,2,44,117,0.449,0.755
Evan Longoria,TB,3B,582,77,23,83,3,0.26,0.321,151,30,1,53,122,0.434,0.756
Evan Gattis,HOU,"LF,DH",498,63,25,76,0,0.25,0.29,124,21,6,28,103,0.467,0.757
Brian McCann,NYY,"C,1B",458,61,24,75,0,0.238,0.302,109,16,1,42,82,0.432,0.734
Matt Holliday,STL,LF,464,64,15,70,3,0.272,0.36,126,27,1,63,87,0.433,0.793
Jason Kipnis,CLE,2B,564,82,11,61,17,0.273,0.343,154,34,4,60,110,0.408,0.751
Daniel Murphy,WSH,"1B,2B,3B",547,70,12,70,8,0.292,0.334,160,37,2,34,60,0.435,0.769
Stephen Piscotty,STL,"1B,LF,RF",498,63,14,64,7,0.273,0.331,136,31,4,43,90,0.43,0.761
Maikel Franco,PHI,3B,561,71,22,81,3,0.268,0.312,150,34,3,36,89,0.458,0.77
Marcus Semien,OAK,SS,534,70,16,58,11,0.25,0.315,134,25,5,50,113,0.406,0.721
Rougned Odor,TEX,2B,537,71,18,73,10,0.27,0.308,145,27,9,30,86,0.454,0.762
Domingo Santana,MIL,"LF,CF,RF",483,65,20,71,7,0.246,0.322,119,23,2,54,146,0.428,0.749
Michael Conforto,NYM,LF,499,64,20,68,2,0.26,0.32,130,26,2,44,99,0.441,0.761
Marcell Ozuna,MIA,"CF,RF",537,64,17,67,4,0.264,0.311,142,30,2,36,119,0.424,0.735
Jonathan Lucroy,MIL,"C,1B",486,65,11,58,3,0.274,0.341,133,31,3,49,70,0.418,0.759
Kevin Kiermaier,TB,CF,533,67,12,53,17,0.262,0.302,140,24,10,31,94,0.412,0.715
Salvador Perez,KC,C,511,55,18,65,1,0.266,0.291,136,25,1,18,69,0.424,0.715
Wil Myers,SD,"1B,CF",474,65,17,64,9,0.252,0.326,120,24,2,52,113,0.414,0.74
Denard Span,SF,CF,503,70,5,41,19,0.283,0.339,142,29,5,43,58,0.391,0.729
Steven Souza,TB,RF,448,66,19,57,16,0.239,0.317,107,20,1,51,139,0.419,0.736
Dexter Fowler,CHC,CF,491,77,13,45,15,0.255,0.351,125,24,5,73,119,0.4,0.751
Anthony Rendon,WSH,"2B,3B",542,80,15,62,7,0.275,0.345,149,33,3,58,101,0.431,0.777
Starlin Castro,NYY,"2B,SS",547,59,13,63,6,0.268,0.302,147,28,2,27,85,0.397,0.698
Matt Duffy,SF,"2B,3B",565,71,10,67,13,0.281,0.324,159,27,5,36,92,0.399,0.723
Alcides Escobar,KC,SS,600,71,4,49,20,0.263,0.291,158,26,5,24,73,0.339,0.63
Erick Aybar,ATL,SS,572,67,5,50,14,0.274,0.309,157,31,3,28,62,0.364,0.673
Jung-Ho Kang,PIT,"3B,SS",447,59,15,60,5,0.269,0.319,120,24,2,33,103,0.432,0.75
Delino DeShields,TEX,"LF,CF",504,77,5,44,30,0.247,0.321,124,24,7,55,114,0.354,0.675
Jean Segura,ARI,SS,542,60,7,49,24,0.264,0.291,143,19,7,21,75,0.36,0.651
Jayson Werth,WSH,"LF,RF",441,65,16,64,4,0.26,0.344,115,24,1,56,98,0.426,0.769
Jose Reyes,COL,SS,423,55,7,43,18,0.289,0.332,123,23,3,27,49,0.403,0.735
Joc Pederson,LAD,CF,474,70,23,62,11,0.223,0.335,106,18,2,79,148,0.414,0.749
Russell Martin,TOR,C,425,60,18,63,5,0.242,0.326,103,21,1,53,98,0.423,0.748
Addison Russell,CHC,"2B,SS",506,64,16,61,8,0.249,0.305,126,28,2,41,126,0.409,0.714
Ketel Marte,SEA,SS,501,62,5,43,22,0.271,0.317,136,25,5,34,75,0.369,0.686
Brandon Crawford,SF,SS,505,61,15,66,5,0.251,0.313,127,27,5,45,110,0.412,0.725
Kendrys Morales,KC,"1B,DH",532,68,19,81,0,0.271,0.33,144,30,1,47,94,0.439,0.769
Byron Buxton,MIN,CF,478,64,11,47,21,0.256,0.302,122,19,7,32,108,0.393,0.696
DJ LeMahieu,COL,2B,548,68,6,54,19,0.288,0.337,158,23,5,41,94,0.378,0.715
Hyun-soo Kim,BAL,"1B,LF",463,63,15,58,5,0.261,0.326,121,20,1,45,79,0.406,0.732
Dustin Pedroia,BOS,2B,526,73,11,60,6,0.285,0.348,150,30,1,51,69,0.409,0.757
Brad Miller,TB,"2B,SS,LF,CF",468,60,14,54,10,0.254,0.323,119,22,5,47,101,0.405,0.728
Odubel Herrera,PHI,CF,535,64,7,44,16,0.273,0.315,146,27,4,33,115,0.376,0.691
Carlos Beltran,NYY,RF,457,56,18,64,1,0.262,0.319,120,27,1,38,81,0.443,0.762
Victor Martinez,DET,"1B,DH",488,61,17,76,1,0.282,0.342,138,25,1,44,52,0.438,0.78
Byung-ho Park,MIN,1B,455,65,24,73,5,0.254,0.319,116,20,1,44,126,0.462,0.781
Nick Markakis,ATL,RF,575,70,7,52,2,0.277,0.344,159,28,1,59,76,0.368,0.713
Carlos Santana,CLE,"1B,DH",525,75,21,78,7,0.239,0.359,125,27,1,98,116,0.415,0.774
Stephen Vogt,OAK,"C,1B",425,52,15,59,1,0.261,0.328,111,21,3,42,78,0.424,0.752
Kolten Wong,STL,2B,532,68,13,58,18,0.263,0.306,140,25,4,34,83,0.395,0.701
Eugenio Suarez,CIN,SS,495,57,15,57,7,0.253,0.303,125,24,3,35,112,0.405,0.708
Travis d'Arnaud,NYM,C,427,53,17,60,0,0.254,0.313,108,23,2,37,76,0.441,0.754
Neil Walker,NYM,2B,520,71,19,66,3,0.262,0.323,136,27,3,46,95,0.435,0.758
Lucas Duda,NYM,1B,483,69,26,76,1,0.244,0.337,118,26,1,68,130,0.462,0.799
Alexei Ramirez,SD,SS,559,55,9,55,17,0.255,0.286,142,29,1,24,63,0.359,0.644
Danny Valencia,OAK,"3B,LF",423,54,16,61,2,0.264,0.311,112,24,2,28,87,0.444,0.755
Colby Rasmus,HOU,"LF,CF,RF",441,60,23,62,2,0.234,0.303,103,23,2,43,138,0.447,0.75
Howie Kendrick,LAD,2B,524,67,9,59,8,0.286,0.328,150,26,3,32,87,0.401,0.73
Eddie Rosario,MIN,"LF,RF",477,58,12,57,10,0.255,0.286,122,20,10,20,103,0.416,0.702
Brandon Phillips,CIN,2B,528,61,12,61,12,0.274,0.309,145,21,2,27,68,0.384,0.693
Pedro Alvarez,BAL,1B,437,61,27,73,3,0.244,0.319,107,18,1,48,123,0.473,0.792
Asdrubal Cabrera,NYM,SS,482,59,13,56,6,0.249,0.307,120,28,4,40,93,0.403,0.71
Chris Colabello,TOR,"1B,LF,RF",382,52,17,55,1,0.268,0.319,102,20,1,29,106,0.45,0.769
Yan Gomes,CLE,C,433,50,16,56,1,0.251,0.286,109,24,2,21,104,0.422,0.708
Justin Turner,LAD,"1B,3B",429,58,13,60,5,0.291,0.347,125,27,1,37,76,0.454,0.801
Andrelton Simmons,LAA,SS,546,62,8,53,5,0.258,0.304,141,24,3,37,52,0.358,0.662
Derek Norris,SD,"C,1B",454,55,13,54,4,0.247,0.312,112,24,1,43,103,0.393,0.705
Mike Moustakas,KC,3B,534,65,19,70,2,0.257,0.31,137,29,1,40,79,0.424,0.733
Alex Rodriguez,NYY,DH,451,65,23,72,3,0.242,0.337,109,18,1,64,122,0.441,0.778
Justin Bour,MIA,1B,475,59,21,75,1,0.258,0.317,122,23,1,41,97,0.44,0.757
Norichika Aoki,SEA,"LF,RF",469,58,5,40,14,0.273,0.328,128,18,4,39,43,0.359,0.687
Jorge Soler,CHC,RF,376,48,15,55,3,0.267,0.33,100,24,2,35,100,0.455,0.784
Avisail Garcia,CWS,RF,431,53,12,52,6,0.262,0.307,113,16,2,28,102,0.392,0.699
Trevor Plouffe,MIN,"1B,3B",524,66,18,73,2,0.249,0.31,131,31,3,46,106,0.423,0.732
Didi Gregorius,NYY,SS,504,57,10,51,5,0.255,0.305,129,23,4,36,78,0.372,0.677
J.T. Realmuto,MIA,C,444,49,9,50,9,0.255,0.295,113,22,6,25,70,0.387,0.682
Lonnie Chisenhall,CLE,"3B,RF",455,54,12,56,4,0.257,0.305,117,26,1,31,88,0.402,0.707
Cesar Hernandez,PHI,"2B,3B,SS",467,58,2,39,17,0.264,0.324,123,19,5,41,94,0.342,0.666
Adam Lind,SEA,1B,464,62,16,67,0,0.272,0.347,126,25,1,53,90,0.437,0.784
Matt Wieters,BAL,C,422,47,15,52,1,0.253,0.309,107,20,1,34,88,0.418,0.727
Brandon Moss,STL,"1B,LF,RF",409,52,20,59,1,0.236,0.309,97,18,2,43,115,0.439,0.748
Joe Panik,SF,2B,536,69,7,52,4,0.284,0.34,152,28,3,45,62,0.39,0.73
Mark Teixeira,NYY,1B,412,60,25,72,2,0.236,0.328,97,18,0,56,92,0.467,0.795
Rajai Davis,CLE,"LF,CF,RF",371,51,7,34,24,0.256,0.297,95,18,5,22,70,0.389,0.686
Nick Castellanos,DET,3B,551,60,16,70,2,0.261,0.311,144,32,4,40,124,0.421,0.732
Yasmani Grandal,LAD,C,380,50,16,53,1,0.236,0.348,90,17,1,65,99,0.406,0.753
Yasmany Tomas,ARI,"3B,LF,RF",449,48,12,55,5,0.262,0.295,117,25,4,21,108,0.408,0.703
Jose Iglesias,DET,SS,461,50,4,35,11,0.282,0.321,130,19,3,26,53,0.356,0.677
David Wright,NYM,3B,462,62,12,56,7,0.272,0.342,126,24,2,49,92,0.411,0.752
Brett Lawrie,CWS,"2B,3B",517,60,17,61,6,0.257,0.3,133,24,2,32,111,0.415,0.715
Welington Castillo,ARI,C,384,44,16,53,1,0.245,0.298,94,19,1,29,92,0.42,0.718
Jackie Bradley,BOS,"LF,CF,RF",431,58,11,53,7,0.24,0.308,104,29,4,42,103,0.393,0.701
Wilson Ramos,WSH,C,435,43,15,59,0,0.246,0.281,107,15,0,21,74,0.39,0.671
Martin Prado,MIA,"2B,3B",525,58,10,62,2,0.28,0.326,147,26,3,36,65,0.395,0.721
Ryan Zimmerman,WSH,1B,436,57,17,71,2,0.259,0.325,113,27,1,43,91,0.446,0.771
Jonathan Villar,MIL,"3B,SS",368,48,7,35,27,0.237,0.296,87,16,4,31,94,0.356,0.653
Eduardo Escobar,MIN,"2B,3B,SS,LF",434,50,10,50,3,0.261,0.307,113,29,3,29,85,0.412,0.719
Joe Mauer,MIN,"1B,DH",529,67,9,60,2,0.274,0.353,145,29,2,64,100,0.388,0.741
Logan Forsythe,TB,"1B,2B",487,61,14,58,7,0.258,0.322,126,24,2,46,98,0.404,0.726
Javier Baez,CHC,"2B,3B,SS",316,41,14,43,11,0.245,0.291,78,15,1,20,92,0.432,0.723
Leonys Martin,SEA,CF,444,49,8,40,23,0.243,0.288,108,17,3,28,91,0.349,0.637
Cameron Maybin,DET,CF,395,49,7,42,14,0.261,0.32,103,18,3,34,75,0.374,0.694
C.J. Cron,LAA,"1B,DH",475,54,19,66,3,0.259,0.292,123,25,2,22,93,0.435,0.727
Francisco Cervelli,PIT,C,405,47,6,41,1,0.278,0.342,113,17,4,39,81,0.382,0.725
Nick Hundley,COL,C,346,39,10,42,4,0.274,0.315,95,19,3,21,74,0.43,0.745
Jed Lowrie,OAK,"3B,SS",436,55,10,48,1,0.251,0.319,110,26,2,43,68,0.387,0.706
Adeiny Hechavarria,MIA,SS,506,50,4,46,7,0.266,0.303,135,19,7,26,76,0.353,0.655
Yadier Molina,STL,C,424,40,7,49,2,0.274,0.318,116,22,1,27,51,0.382,0.7
Mike Napoli,CLE,"1B,LF",406,53,17,56,2,0.229,0.329,93,20,1,60,125,0.413,0.741
Chase Headley,NYY,3B,528,65,14,61,3,0.256,0.323,135,26,1,52,119,0.391,0.714
Jhonny Peralta,STL,SS,370,42,11,47,2,0.267,0.328,99,21,1,34,71,0.415,0.743
Pablo Sandoval,BOS,3B,501,58,14,63,0,0.268,0.314,134,29,2,33,72,0.411,0.725
Devin Mesoraco,CIN,C,337,42,15,47,2,0.245,0.311,82,16,1,32,73,0.428,0.739
Jonathan Schoop,BAL,2B,486,57,21,59,3,0.249,0.276,121,21,1,18,106,0.425,0.701
Mitch Moreland,TEX,1B,447,53,19,68,1,0.257,0.308,115,24,1,33,100,0.444,0.752
Rusney Castillo,BOS,"LF,RF",422,49,9,45,11,0.255,0.295,107,17,2,24,74,0.367,0.662
Ben Paulsen,COL,"1B,LF",396,47,13,51,2,0.256,0.307,101,22,4,29,103,0.431,0.738
Andre Ethier,LAD,"LF,RF",358,45,10,47,2,0.273,0.342,98,20,5,38,69,0.434,0.776
Clint Coulter,MIL,"RF,C",298,43,13,46,3,0.237,0.297,71,17,2,26,78,0.426,0.723
Chris Carter,MIL,1B,420,58,26,69,2,0.218,0.308,92,18,1,54,139,0.456,0.764
Jarrod Dyson,KC,"LF,CF,RF",309,40,2,27,36,0.245,0.301,76,10,6,25,61,0.34,0.642
John Jaso,PIT,"LF,DH",359,48,9,44,3,0.265,0.348,95,22,1,46,69,0.414,0.762
Blake Swihart,BOS,C,378,47,6,39,5,0.261,0.304,98,23,2,24,83,0.374,0.678
Zack Cozart,CIN,SS,447,49,10,47,5,0.243,0.284,109,21,3,26,68,0.373,0.658
Trea Turner,WSH,"2B,SS",336,39,6,33,15,0.269,0.315,90,17,3,22,71,0.38,0.695
Austin Jackson,CWS,"CF,RF",393,47,7,38,13,0.258,0.316,101,22,3,33,91,0.373,0.689
Jake Lamb,ARI,3B,475,57,12,60,3,0.261,0.324,124,25,4,45,119,0.409,0.733
Seth Smith,SEA,"LF,RF,DH",389,52,11,45,0,0.251,0.331,98,25,3,47,87,0.421,0.752
Miguel Montero,CHC,C,373,41,12,49,1,0.24,0.329,90,14,0,49,92,0.378,0.707
Freddy Galvis,PHI,SS,473,49,8,46,6,0.245,0.284,116,17,4,25,82,0.354,0.638
Yangervis Solarte,SD,"1B,2B,3B",516,59,12,57,1,0.262,0.314,135,26,2,39,59,0.391,0.705
Yunel Escobar,LAA,3B,516,61,8,50,2,0.276,0.332,142,22,1,44,67,0.368,0.7
Mark Canha,OAK,"1B,LF",326,43,11,46,4,0.252,0.305,82,17,2,25,67,0.411,0.717
Cody Asche,PHI,"3B,LF",403,43,12,46,2,0.253,0.302,102,21,2,29,91,0.407,0.709
Angel Pagan,SF,CF,416,47,3,35,11,0.267,0.313,111,20,3,28,65,0.352,0.665
Devon Travis,TOR,2B,356,51,11,43,8,0.275,0.327,98,21,1,28,62,0.429,0.756
J.J. Hardy,BAL,SS,483,51,11,47,0,0.241,0.28,116,20,0,26,84,0.356,0.636
Chris Coghlan,OAK,"2B,LF,RF",358,46,9,38,8,0.25,0.326,90,21,5,40,70,0.405,0.731
Jedd Gyorko,STL,"2B,SS",345,38,13,47,1,0.247,0.3,85,15,0,26,74,0.409,0.709
Brock Holt,BOS,"1B,2B,3B,SS,LF,RF",361,44,2,35,8,0.272,0.329,98,19,4,31,67,0.362,0.692
Joey Gallo,TEX,"3B,LF",277,40,18,44,4,0.223,0.309,62,12,2,35,110,0.462,0.771
Adam Duvall,CIN,LF,326,40,17,46,2,0.237,0.285,77,18,1,22,78,0.449,0.734
Scooter Gennett,MIL,2B,473,53,9,48,4,0.273,0.303,129,26,4,21,75,0.401,0.705
Luis Valbuena,HOU,"1B,3B",432,60,19,55,1,0.234,0.319,101,22,1,54,96,0.422,0.741
Josh Hamilton,TEX,"LF,RF",306,39,12,43,2,0.255,0.307,78,18,1,23,82,0.433,0.74
Ryan Howard,PHI,1B,457,53,20,70,0,0.23,0.287,105,22,1,37,130,0.417,0.705
Aaron Hicks,NYY,"CF,RF",322,43,9,36,9,0.249,0.326,80,14,3,37,71,0.385,0.712
Orlando Arcia,MIL,SS,318,37,5,33,11,0.265,0.303,84,17,2,17,52,0.385,0.687
Jordy Mercer,PIT,SS,419,41,7,43,3,0.255,0.305,107,24,1,30,73,0.369,0.674
James McCann,DET,C,411,39,7,42,2,0.254,0.284,104,20,3,17,81,0.367,0.652
Carl Crawford,LAD,LF,277,35,6,30,13,0.275,0.312,76,15,3,15,45,0.408,0.72
Wilmer Flores,NYM,"2B,SS",304,36,10,38,1,0.263,0.296,80,17,1,14,40,0.414,0.71
Jason Castro,HOU,C,393,45,13,42,1,0.224,0.291,88,22,1,37,118,0.381,0.673
Jon Jay,SD,"LF,CF",407,50,4,35,5,0.26,0.316,106,15,2,33,70,0.339,0.654
Desmond Jennings,TB,"LF,CF",332,43,7,33,12,0.246,0.315,82,18,3,33,68,0.38,0.694
Dalton Pompey,TOR,"LF,CF",290,39,6,28,16,0.253,0.316,74,13,3,27,62,0.377,0.693
Adonis Garcia,ATL,"3B,LF",344,37,10,40,3,0.263,0.291,90,19,1,14,51,0.399,0.69
Chris Owings,ARI,"2B,SS",388,42,5,36,11,0.244,0.28,95,21,4,19,86,0.357,0.637
Michael Taylor,WSH,"LF,CF",328,37,10,39,14,0.233,0.289,76,14,2,26,97,0.374,0.663
Jimmy Rollins,CWS,SS,328,44,8,30,11,0.235,0.307,77,14,2,34,56,0.364,0.671
Robinson Chirinos,TEX,C,312,39,12,39,1,0.229,0.295,72,17,1,29,74,0.398,0.693
Anthony Gose,DET,CF,332,44,4,26,18,0.244,0.304,81,14,5,28,88,0.348,0.652
A.J. Pierzynski,ATL,C,322,31,7,37,0,0.272,0.3,87,16,1,13,39,0.391,0.691
A.J. Reed,HOU,1B,339,48,14,50,1,0.262,0.333,89,16,2,36,89,0.446,0.779
Cory Spangenberg,SD,"2B,3B",449,49,6,39,16,0.261,0.311,117,21,7,33,98,0.375,0.686
Danny Espinosa,WSH,"1B,2B,3B,SS",364,44,10,37,6,0.226,0.277,82,18,2,26,102,0.369,0.646
Johnny Giavotella,LAA,2B,471,54,5,48,6,0.263,0.313,124,25,3,35,58,0.365,0.678
Franklin Gutierrez,SEA,LF,260,34,13,37,2,0.251,0.302,65,13,0,19,71,0.454,0.755
Phillip Ervin,CIN,CF,269,36,9,37,11,0.232,0.293,62,13,1,23,74,0.377,0.67
Steve Pearce,TB,"1B,2B,LF,RF",271,36,13,36,2,0.241,0.308,66,15,1,26,59,0.437,0.745
J.P. Crawford,PHI,SS,299,36,6,29,7,0.256,0.326,77,13,2,31,51,0.374,0.7
Michael Saunders,TOR,"RF,LF",277,39,8,36,5,0.246,0.323,68,14,2,32,70,0.406,0.729
Preston Tucker,HOU,"LF,RF",276,35,12,37,1,0.248,0.301,69,16,0,21,59,0.429,0.73
Dustin Ackley,NYY,"2B,LF,CF",285,36,9,36,4,0.254,0.31,72,16,3,23,49,0.417,0.727
Dioner Navarro,CWS,C,278,30,9,32,1,0.26,0.316,72,10,0,23,45,0.393,0.709
Dian Toscano,ATL,LF,309,40,5,32,5,0.261,0.338,81,13,3,36,53,0.382,0.72
Jose Ramirez,CLE,"2B,3B,SS",272,35,4,26,13,0.252,0.305,68,13,2,21,30,0.357,0.662
Gregor Blanco,SF,"LF,CF,RF",277,36,4,26,11,0.268,0.341,74,14,3,31,51,0.375,0.717
Will Venable,CLE,"LF,CF,RF",277,34,7,31,11,0.246,0.3,68,12,2,22,63,0.376,0.677
Chris Young,BOS,"LF,CF,RF",264,36,10,34,5,0.238,0.303,63,16,1,25,57,0.419,0.722
Scott Schebler,CIN,LF,286,35,11,35,7,0.232,0.281,66,11,3,19,68,0.416,0.697
David Freese,PIT,3B,389,46,11,49,1,0.259,0.317,101,21,1,33,88,0.403,0.72
Rymer Liriano,MIL,RF,298,37,7,33,9,0.237,0.3,71,15,1,27,84,0.372,0.671
Matt Adams,STL,1B,329,39,12,49,2,0.271,0.314,89,19,1,20,69,0.444,0.758
Yonder Alonso,OAK,1B,388,49,7,43,4,0.271,0.341,105,21,1,41,51,0.384,0.725
Logan Morrison,TB,1B,385,47,14,49,5,0.242,0.311,93,16,2,39,67,0.407,0.718
Danny Santana,MIN,SS,259,32,3,25,10,0.262,0.287,68,12,4,9,52,0.373,0.661
Hunter Renfroe,SD,"RF,LF",341,39,11,42,3,0.224,0.269,76,16,2,21,107,0.382,0.65
Peter O'Brien,ARI,LF,234,31,12,36,1,0.245,0.286,57,14,2,13,72,0.467,0.753
Derek Dietrich,MIA,"3B,LF",276,38,10,33,1,0.244,0.296,67,15,3,20,63,0.423,0.719
Jake Marisnick,HOU,"LF,CF,RF",256,31,6,28,15,0.239,0.272,61,10,2,12,60,0.371,0.644
Kurt Suzuki,MIN,C,348,33,4,38,0,0.251,0.299,87,18,0,24,43,0.34,0.64
Tyler Saladino,CWS,"3B,SS",286,35,5,27,12,0.232,0.282,66,11,4,20,54,0.35,0.632
J.R. Murphy,MIN,C,265,30,7,29,1,0.254,0.303,67,13,1,18,56,0.387,0.69
Billy Butler,OAK,"1B,DH",382,45,10,48,0,0.264,0.326,101,18,1,35,64,0.399,0.725
Coco Crisp,OAK,"LF,CF",281,37,6,29,9,0.238,0.317,67,13,1,33,44,0.358,0.675
Enrique Hernandez,LAD,"2B,SS,LF,CF",255,29,7,29,2,0.262,0.307,67,13,2,17,44,0.405,0.712
Chris Iannetta,SEA,C,298,36,10,36,1,0.213,0.32,63,13,0,47,86,0.356,0.677
Gavin Cecchini,NYM,SS,292,35,5,30,3,0.25,0.302,73,14,2,22,55,0.357,0.659
Jace Peterson,ATL,2B,484,51,5,44,15,0.238,0.307,115,21,5,48,98,0.333,0.64
Jesse Winker,CIN,LF,235,32,8,30,3,0.256,0.331,60,11,1,26,53,0.405,0.736
James Loney,TB,1B,416,41,7,44,2,0.279,0.326,116,19,0,29,50,0.378,0.704
Chris Bostick,WSH,"SS,2B",251,29,6,27,9,0.241,0.283,61,11,2,15,62,0.378,0.661
Darin Ruf,PHI,"1B,LF",274,32,10,36,1,0.241,0.301,66,13,0,24,68,0.408,0.709
Chance Sisco,BAL,C,276,29,5,26,3,0.257,0.314,71,13,2,23,68,0.379,0.693
Socrates Brito,ARI,"RF,CF",258,29,5,26,9,0.262,0.295,68,11,3,12,47,0.392,0.687
Tyler Goeddel,PHI,"CF,LF,3B",264,30,7,30,9,0.243,0.295,64,12,2,19,64,0.376,0.671
Tim Anderson,CWS,SS,248,27,4,21,14,0.252,0.275,62,9,2,8,65,0.362,0.637
Oswaldo Arcia,MIN,"LF,RF",226,28,11,33,1,0.249,0.306,56,11,1,18,67,0.436,0.742
Alexander Guerrero,LAD,"3B,LF",247,29,10,35,2,0.244,0.274,60,10,2,10,49,0.423,0.697
Josh Phegley,OAK,C,230,27,8,31,1,0.239,0.276,55,13,1,12,41,0.416,0.693
Tom Murphy,COL,C,224,26,10,29,2,0.233,0.286,52,13,1,17,63,0.422,0.708
Andy Burns,TOR,"SS,3B",276,29,6,29,7,0.244,0.286,67,15,1,16,63,0.376,0.662
Caleb Joseph,BAL,C,260,29,8,33,1,0.231,0.281,60,11,1,18,55,0.379,0.66
Brandon Guyer,TB,"LF,CF,RF",237,32,5,24,7,0.26,0.306,62,13,2,16,41,0.389,0.695
Austin Meadows,PIT,"CF,LF",238,29,5,26,6,0.267,0.312,64,11,2,16,52,0.408,0.719
Tommy Pham,STL,"LF,CF",223,30,6,26,6,0.262,0.325,58,11,3,21,52,0.415,0.74
Max Kepler,MIN,"RF,CF",263,32,6,31,5,0.249,0.309,65,15,3,23,54,0.388,0.697
Juan Lagares,NYM,CF,288,31,4,29,6,0.261,0.292,75,14,3,13,53,0.367,0.659
Raimel Tapia,COL,"LF,CF",218,25,5,23,9,0.274,0.307,60,11,2,10,46,0.407,0.715
Scott Van Slyke,LAD,"1B,LF,RF",221,28,8,31,4,0.248,0.327,55,13,0,26,59,0.42,0.747
Nick Ahmed,ARI,SS,318,34,5,30,6,0.237,0.279,75,12,3,19,50,0.349,0.628
Aaron Altherr,PHI,"LF,CF,RF",242,30,7,30,7,0.239,0.3,58,18,3,21,66,0.408,0.709
Marwin Gonzalez,HOU,"1B,2B,3B,SS,LF",241,28,6,25,3,0.262,0.296,63,12,1,11,41,0.395,0.691
Hector Olivera,ATL,3B,425,43,10,47,1,0.253,0.3,108,20,3,28,66,0.382,0.682
Alejandro De Aza,NYM,"LF,RF",248,31,5,26,7,0.253,0.307,63,12,4,19,52,0.386,0.693
Tyler Flowers,ATL,C,313,27,10,35,0,0.227,0.273,71,12,0,20,96,0.357,0.63
Dariel Alvarez,BAL,RF,226,27,7,26,3,0.266,0.296,60,12,1,10,40,0.417,0.713
Kelly Johnson,ATL,"1B,2B,3B,LF",251,29,9,31,3,0.238,0.298,60,9,1,21,61,0.393,0.691
Taylor Motter,TB,SS,201,25,6,23,7,0.247,0.3,50,11,1,15,46,0.399,0.699
Lane Adams,NYY,"CF,RF",274,31,7,27,12,0.223,0.272,61,20,3,19,82,0.339,0.611
Jarrod Saltalamacchia,DET,C,216,27,8,28,1,0.227,0.308,49,14,0,25,69,0.403,0.711
Ryan Goins,TOR,"2B,SS",336,36,4,33,2,0.235,0.285,79,15,3,23,70,0.328,0.614
Trey Mancini,BAL,1B,296,37,9,39,2,0.276,0.306,82,17,3,13,69,0.432,0.738
Juan Uribe,CLE,"2B,3B",328,37,10,40,2,0.263,0.314,86,17,0,25,67,0.405,0.719
Keon Broxton,MIL,"CF,LF",237,31,6,26,12,0.218,0.285,52,11,3,22,72,0.357,0.642
Richard Urena,TOR,SS,252,26,9,30,3,0.23,0.253,58,9,2,8,74,0.354,0.607
Bradley Zimmer,CLE,"CF,LF",206,27,6,26,10,0.235,0.29,48,10,1,16,65,0.386,0.677
Shane Peterson,MIL,"LF,CF,RF",259,31,6,27,3,0.253,0.317,65,13,3,24,61,0.381,0.698
Daniel Nava,LAA,"1B,LF,RF",305,34,5,31,3,0.242,0.315,74,13,1,33,68,0.339,0.655
David Murphy,BOS,"LF,RF,DH",238,26,6,30,1,0.263,0.311,63,15,1,17,31,0.395,0.707
Christian Colon,KC,"2B,3B,SS",238,25,3,21,7,0.263,0.318,63,11,1,19,29,0.341,0.659
Cameron Rupp,PHI,C,319,30,10,33,0,0.217,0.277,69,13,1,27,87,0.353,0.63
Melvin Upton Jr.,SD,CF,292,32,8,26,12,0.216,0.286,63,12,3,29,84,0.351,0.638
Jabari Blash,SD,RF,222,29,10,28,4,0.227,0.297,50,9,1,22,74,0.408,0.704
Trevor Story,COL,SS,197,23,7,25,6,0.241,0.291,47,9,2,14,47,0.404,0.695
Hank Conger,TB,C,234,27,8,28,0,0.226,0.292,53,12,0,22,57,0.384,0.676
Curt Casali,TB,C,217,26,9,26,1,0.221,0.295,48,11,0,23,61,0.383,0.677
Brett Phillips,MIL,"CF,RF",219,28,5,25,6,0.251,0.301,55,12,3,15,54,0.399,0.699
Eduardo Nunez,MIN,"3B,SS",202,23,3,21,8,0.262,0.3,53,11,2,11,30,0.39,0.69
Aaron Hill,MIL,"2B,3B",365,40,9,42,5,0.244,0.299,89,19,1,28,61,0.373,0.672
Clint Robinson,WSH,"1B,LF,RF",236,30,7,28,0,0.252,0.325,59,12,1,26,44,0.394,0.719
Jonathan Singleton,HOU,1B,327,45,15,47,2,0.214,0.319,70,15,1,51,105,0.401,0.72
Aaron Judge,NYY,"RF,LF,CF",183,25,10,29,2,0.232,0.297,42,9,1,17,67,0.431,0.728
Michael Bourn,ATL,"LF,CF",298,31,2,24,11,0.242,0.3,72,10,3,25,67,0.317,0.618
Franklin Barreto,OAK,SS,204,23,5,22,7,0.245,0.277,50,10,1,9,50,0.392,0.669
Nomar Mazara,TEX,RF,213,26,7,24,2,0.259,0.314,55,10,1,17,58,0.414,0.727
Kirk Nieuwenhuis,MIL,"LF,CF",192,26,8,26,5,0.229,0.294,44,12,1,18,56,0.418,0.713
Marco Hernandez,BOS,SS,230,25,3,24,5,0.254,0.286,58,11,2,10,52,0.364,0.65
Andrew Knapp,PHI,C,217,26,5,25,2,0.229,0.284,50,12,2,17,72,0.366,0.65
Jose Peraza,CIN,2B,280,31,3,26,18,0.269,0.296,75,10,4,11,31,0.363,0.659
Peter Bourjos,PHI,CF,270,34,6,25,8,0.22,0.28,59,12,4,22,76,0.35,0.63
Paulo Orlando,KC,"LF,RF,CF",245,27,4,24,7,0.248,0.275,61,10,3,9,44,0.36,0.636
Lewis Brinson,TEX,CF,227,26,7,24,7,0.235,0.287,53,10,2,17,68,0.39,0.677
Michael Morse,PIT,"1B,LF",253,26,8,29,0,0.247,0.298,62,12,1,18,66,0.4,0.698
Dan Vogelbach,CHC,1B,285,39,10,39,2,0.247,0.329,71,15,1,35,75,0.425,0.754
Carlos Ruiz,PHI,C,262,26,4,25,2,0.236,0.302,62,13,1,25,39,0.333,0.635
Justin Ruggiano,TEX,"LF,CF,RF",170,24,7,21,5,0.246,0.313,42,9,1,17,48,0.425,0.738
Manuel Margot,SD,CF,194,22,4,19,11,0.251,0.297,49,9,2,13,37,0.376,0.673
Alen Hanson,PIT,"SS,2B",190,22,3,20,8,0.248,0.293,47,9,4,12,37,0.37,0.663
Chris Taylor,SEA,SS,201,26,2,16,7,0.252,0.318,51,11,2,19,48,0.343,0.661
Abraham Almonte,CLE,CF,215,27,4,22,7,0.244,0.305,52,10,3,19,47,0.374,0.679
Cristhian Adames,COL,SS,196,21,3,19,4,0.273,0.317,53,9,2,13,31,0.36,0.677
Mike Aviles,DET,"2B,3B,SS,LF",211,25,4,20,5,0.244,0.278,51,8,0,10,25,0.343,0.621
Mikie Mahtook,TB,"LF,CF,RF",213,25,5,24,6,0.241,0.286,51,13,2,14,56,0.39,0.676
Dean Anna,STL,"2B,SS,DH",204,27,2,21,3,0.25,0.318,51,10,2,20,35,0.356,0.675
Mallex Smith,ATL,"CF,LF",170,22,2,16,13,0.251,0.308,43,7,2,14,39,0.353,0.661
Travis Jankowski,SD,"CF,RF",229,25,3,20,11,0.241,0.297,55,9,3,18,44,0.33,0.628
Alex Avila,CWS,"C,1B",261,30,7,27,1,0.204,0.321,53,12,0,45,88,0.339,0.66
Albert Almora,CHC,CF,224,25,4,23,3,0.258,0.29,58,13,2,10,30,0.372,0.663
Mac Williamson,SF,"LF,RF",211,25,6,23,3,0.245,0.3,52,9,1,17,55,0.384,0.684
Mark Reynolds,COL,"1B,3B",271,34,14,38,2,0.234,0.314,63,13,1,32,78,0.437,0.751
Andrew Aplin,HOU,CF,209,27,3,21,8,0.242,0.317,50,8,2,23,44,0.36,0.677
Roman Quinn,PHI,"CF,SS",154,20,3,15,9,0.253,0.304,39,5,2,11,38,0.37,0.674
Aledmys Diaz,STL,"2B,SS",201,22,4,21,4,0.246,0.283,50,11,1,10,34,0.373,0.656
Justin Smoak,TOR,1B,287,37,13,42,0,0.235,0.309,67,14,1,31,71,0.419,0.728
Billy McKinney,OAK,"CF,LF",241,27,5,27,2,0.243,0.301,58,13,2,20,58,0.377,0.678
Reymond Fuentes,KC,CF,169,21,3,18,9,0.26,0.309,44,8,2,12,40,0.365,0.674
Christian Bethancourt,SD,C,209,21,4,21,3,0.241,0.265,50,10,0,7,36,0.346,0.611
Gary Sanchez,NYY,"C,DH",152,18,6,20,2,0.238,0.293,36,7,0,12,35,0.4,0.693
Travis Snider,KC,"LF,RF",221,26,6,25,1,0.246,0.315,54,11,1,22,45,0.387,0.701
Kevan Smith,CWS,C,195,22,5,21,1,0.236,0.286,46,8,1,14,48,0.363,0.65
Nick Swisher,ATL,"1B,LF,DH",280,30,8,31,0,0.221,0.308,62,14,0,35,71,0.358,0.667
Trayce Thompson,LAD,"LF,CF,RF",177,23,6,22,4,0.241,0.302,43,12,3,15,47,0.403,0.705
David Dahl,COL,"CF,LF",175,19,5,18,8,0.258,0.283,45,9,2,6,44,0.407,0.69
Ezequiel Carrera,TOR,"LF,RF",178,22,3,18,9,0.254,0.3,45,8,1,12,36,0.344,0.644
Nick Franklin,TB,"1B,2B,SS",195,23,6,21,4,0.225,0.292,44,9,1,19,49,0.369,0.661
A.J. Ellis,LAD,C,202,23,5,23,0,0.227,0.328,46,8,0,30,42,0.349,0.677
Michael Reed,MIL,"RF,CF",192,24,3,21,8,0.238,0.315,46,11,2,22,55,0.363,0.678
Steve Clevenger,SEA,"C,DH",203,21,3,21,0,0.254,0.31,51,10,1,16,33,0.351,0.661
Ryan Raburn,COL,"LF,RF,DH",159,20,6,24,0,0.261,0.336,42,10,0,18,37,0.445,0.782
Bubba Starling,KC,CF,224,26,5,22,7,0.228,0.276,51,10,2,15,68,0.366,0.642
Andrew Susac,SF,C,177,21,5,22,0,0.231,0.306,41,9,1,19,50,0.38,0.685
Ramon Flores,MIL,LF,186,23,5,21,2,0.257,0.327,48,10,2,19,35,0.394,0.721
Tony Sanchez,TOR,C,170,19,5,23,1,0.229,0.291,39,11,0,15,48,0.361,0.652
Ryan Casteel,COL,C,171,17,5,19,1,0.249,0.287,43,9,1,9,47,0.416,0.702
Ben Gamel,NYY,"DH,RF",194,24,4,22,4,0.247,0.298,48,10,2,14,48,0.398,0.696
Dustin Garneau,COL,C,172,18,5,21,1,0.237,0.295,41,12,1,14,31,0.381,0.676
Kevin Plawecki,NYM,C,222,22,4,22,0,0.236,0.282,53,10,0,14,40,0.337,0.62
Jacob May,CWS,CF,211,24,3,17,12,0.232,0.27,49,7,1,11,54,0.34,0.61
Ryan Flaherty,BAL,"1B,2B,3B,SS,RF",215,26,7,24,1,0.215,0.275,46,9,1,18,52,0.366,0.641
Jurickson Profar,TEX,"2B,SS",185,21,4,19,3,0.249,0.303,46,9,1,14,32,0.38,0.684
Eric Sogard,OAK,"2B,SS",223,24,1,20,5,0.246,0.298,55,9,1,17,29,0.315,0.612
Drew Stubbs,TEX,"LF,CF",183,25,5,18,8,0.224,0.292,41,7,1,18,60,0.362,0.654
Andres Blanco,PHI,"2B,3B,SS",183,21,4,19,1,0.259,0.309,47,11,1,13,31,0.418,0.727
Omar Infante,KC,2B,415,39,4,41,4,0.246,0.274,102,19,4,16,54,0.343,0.617
Willy Garcia,PIT,"RF,CF",185,22,6,23,2,0.243,0.278,45,8,2,9,56,0.409,0.688
Brandon Barnes,COL,"LF,CF,RF",202,23,4,20,5,0.245,0.288,50,10,1,12,50,0.363,0.651
Jorge Polanco,MIN,SS,176,20,3,17,5,0.252,0.308,44,10,1,14,34,0.342,0.65
Ryan Hanigan,BOS,C,198,24,3,19,1,0.23,0.314,46,8,0,24,37,0.319,0.632
Reese McGuire,PIT,C,230,21,1,18,5,0.243,0.278,56,8,1,11,34,0.289,0.566
Domonic Brown,TOR,"RF,LF",181,20,5,25,3,0.241,0.289,44,10,1,12,32,0.384,0.673
Jeff Francoeur,ATL,"LF,RF",218,22,7,25,1,0.239,0.267,52,10,1,8,42,0.377,0.644
Brian Goodwin,WSH,CF,205,25,4,20,7,0.231,0.295,47,8,2,19,59,0.36,0.655
Tyler Collins,DET,"LF,RF",189,21,5,22,4,0.245,0.296,46,10,1,14,40,0.377,0.673
Chris Gimenez,TEX,C,178,21,4,18,2,0.23,0.296,41,9,1,17,40,0.342,0.639
Alex Dickerson,SD,"LF,RF",193,23,5,21,2,0.248,0.294,48,10,2,13,49,0.395,0.69
Bryce Brentz,BOS,LF,173,22,6,21,2,0.245,0.295,42,9,1,12,53,0.409,0.705
Jarrett Parker,SF,RF,165,22,6,21,4,0.233,0.308,38,9,2,18,60,0.402,0.71
Charlie Tilson,STL,CF,175,21,2,16,7,0.261,0.303,46,6,3,11,35,0.369,0.672
Willson Contreras,CHC,C,170,19,3,18,2,0.241,0.306,41,9,1,16,38,0.359,0.665
Jett Bandy,LAA,C,164,18,5,19,0,0.237,0.277,39,8,0,9,37,0.374,0.65
Geovany Soto,LAA,C,184,20,7,20,0,0.217,0.283,40,8,0,17,54,0.373,0.655
Brayan Pena,STL,C,215,17,2,17,1,0.264,0.307,57,10,0,14,23,0.336,0.644
Erik Gonzalez,CLE,SS,195,21,3,19,5,0.236,0.269,46,9,2,9,48,0.352,0.621
Travis Shaw,BOS,"1B,3B",270,33,10,35,1,0.246,0.309,66,15,1,25,62,0.408,0.718
Joey Butler,CLE,"LF,DH",162,20,5,19,2,0.26,0.325,42,9,0,16,46,0.405,0.73
Jake Smolinski,OAK,"LF,RF",163,22,5,22,2,0.239,0.306,39,10,1,16,33,0.404,0.71
Chris Dominguez,BOS,"LF,1B",214,22,6,25,4,0.224,0.272,48,21,2,14,68,0.36,0.631
Chris Denorfia,NYY,"LF,RF,CF",201,23,3,20,3,0.255,0.307,51,10,1,15,39,0.363,0.669
Steven Moya,DET,"LF,RF",160,19,7,22,2,0.237,0.278,38,10,1,9,53,0.413,0.692
Mike Zunino,SEA,C,195,21,8,22,0,0.2,0.242,39,9,0,11,58,0.362,0.603
Darnell Sweeney,PHI,"2B,LF",195,22,4,20,7,0.229,0.289,45,10,2,16,51,0.361,0.649
Chase Utley,LAD,2B,289,35,6,33,4,0.245,0.302,71,17,2,24,44,0.382,0.684
Nolan Reimold,BAL,"LF,CF,RF",199,24,6,21,2,0.233,0.305,46,9,1,21,52,0.362,0.667
Roberto Perez,CLE,C,176,22,5,19,0,0.219,0.31,38,8,1,23,53,0.356,0.666
Craig Gentry,LAA,"LF,CF,RF",206,24,2,16,11,0.227,0.279,47,7,1,15,42,0.294,0.573
Chris Parmelee,NYY,"1B,RF",168,20,6,21,1,0.244,0.311,41,10,0,16,40,0.396,0.707
Rafael Ortega,LAA,CF,186,22,3,18,6,0.243,0.304,45,9,2,16,41,0.337,0.641
Alexi Amarista,SD,"2B,SS,LF",216,21,3,21,4,0.23,0.276,50,8,2,14,32,0.321,0.598
Jaff Decker,TB,LF,179,24,3,17,6,0.235,0.339,42,12,2,28,44,0.343,0.682
Tim Beckham,TB,"2B,SS",173,20,4,20,3,0.228,0.272,39,7,2,10,42,0.364,0.636
Tyler Naquin,CLE,CF,183,21,4,18,4,0.246,0.299,45,9,1,14,52,0.383,0.682
Francisco Pena,BAL,C,146,16,4,18,1,0.236,0.273,34,7,1,8,31,0.381,0.654
Ivan De Jesus,CIN,"2B,3B,SS,LF",205,19,3,22,1,0.244,0.303,50,9,2,17,52,0.349,0.651
Max Stassi,HOU,C,167,18,5,18,1,0.223,0.272,37,8,1,11,51,0.359,0.631
Andrew Romine,DET,"1B,2B,3B,SS",172,19,2,13,8,0.237,0.284,41,5,0,11,35,0.297,0.581
Anthony Garcia,STL,C,146,18,4,17,1,0.23,0.289,33,8,1,12,38,0.391,0.68
Tyler Heineman,HOU,C,174,21,2,18,1,0.23,0.271,40,9,1,10,23,0.335,0.605
Michael Ohlman,STL,C,162,17,3,17,1,0.243,0.299,39,8,1,13,42,0.354,0.653
Tommy Medica,MIA,"1B,LF",172,21,5,20,2,0.236,0.292,41,11,2,14,40,0.369,0.661
Ryan Rua,TEX,LF,185,22,6,21,2,0.229,0.279,42,9,0,13,46,0.386,0.665
Josh Bell,SD,3B,235,29,5,31,3,0.269,0.335,63,11,3,23,40,0.403,0.738
Ichiro Suzuki,MIA,"LF,CF,RF",218,23,1,16,7,0.248,0.293,54,6,2,14,30,0.307,0.6
Matt den Dekker,WSH,OF,149,19,4,17,4,0.248,0.308,37,9,2,13,34,0.399,0.708
Jerry Sands,CWS,"1B,LF,RF",160,20,6,21,1,0.231,0.305,37,8,1,17,43,0.402,0.708
Ruben Tejada,NYM,"2B,3B,SS",196,21,2,17,1,0.249,0.316,49,10,0,19,34,0.329,0.644
Austin Barnes,LAD,C,117,14,3,14,2,0.248,0.32,29,7,1,12,21,0.378,0.698
Stephen Drew,WSH,"2B,SS",186,20,6,21,1,0.212,0.281,40,10,1,18,38,0.366,0.647
Henry Urrutia,BAL,"LF,DH",167,18,4,18,1,0.261,0.299,44,7,1,9,29,0.381,0.68
Junior Lake,TOR,"LF,RF",164,18,4,17,6,0.235,0.283,39,9,1,11,46,0.367,0.65
Yorman Rodriguez,CIN,"CF,RF",147,18,5,17,3,0.242,0.287,36,6,1,9,44,0.382,0.67
Terrance Gore,KC,LF,150,20,1,10,15,0.218,0.27,33,4,1,11,40,0.282,0.552
Nick Williams,PHI,LF,164,19,5,18,2,0.246,0.277,40,8,2,7,48,0.414,0.69
L.J. Hoes,BAL,RF,168,20,3,16,5,0.245,0.315,41,10,1,17,33,0.347,0.662
Rene Rivera,TB,C,220,19,5,22,0,0.215,0.255,47,11,0,12,51,0.334,0.589
Brandon Nimmo,NYM,CF,176,22,4,18,3,0.236,0.308,41,7,2,18,47,0.354,0.662
Daniel Castro,ATL,"2B,SS",173,19,2,14,2,0.254,0.287,44,8,1,8,21,0.335,0.622
Darrell Ceciliani,TOR,"LF,CF",115,14,3,13,10,0.242,0.288,28,6,1,7,31,0.366,0.654
Matthew Szczur,CHC,"LF,CF",154,18,3,15,6,0.247,0.301,38,9,1,12,31,0.345,0.646
Spencer Kieboom,WSH,C,147,15,3,14,1,0.242,0.297,36,7,1,11,32,0.354,0.65
Greg Garcia,STL,"2B,SS",163,18,2,14,4,0.244,0.315,40,8,1,17,33,0.349,0.664
Tucker Barnhart,CIN,C,205,19,2,17,0,0.24,0.303,49,9,1,19,35,0.324,0.627
Tony Wolters,COL,C,171,17,2,16,2,0.236,0.289,40,7,1,13,45,0.331,0.62
Jesus Montero,SEA,1B,227,28,8,32,1,0.26,0.304,59,11,1,14,49,0.42,0.723
Jorge Alfaro,PHI,C,129,14,4,15,1,0.231,0.267,30,6,1,6,38,0.382,0.65
Juan Duran,CIN,LF,155,19,6,19,2,0.225,0.275,35,7,1,11,60,0.4,0.675
Sean Rodriguez,PIT,"1B,LF,RF",180,21,4,20,2,0.236,0.268,42,10,1,8,41,0.38,0.648
Christian Vazquez,BOS,C,146,15,2,15,1,0.247,0.308,36,8,0,13,27,0.348,0.656
Kyle Parker,COL,"LF,RF",161,18,5,18,2,0.245,0.292,39,9,1,11,41,0.4,0.692
Daniel Fields,CWS,"LF,CF",179,21,4,18,5,0.224,0.285,40,9,2,15,58,0.367,0.652
Matt Joyce,PIT,LF,196,22,5,22,1,0.223,0.311,44,10,1,25,47,0.367,0.677
Todd Cunningham,LAA,"LF,CF",175,20,2,16,5,0.245,0.291,43,8,1,12,30,0.333,0.625
James Ramsey,CLE,"LF,CF",181,21,5,18,3,0.228,0.294,41,8,1,17,60,0.382,0.676
Shane Victorino,CHC,"LF,RF",149,18,3,13,6,0.248,0.298,37,7,2,11,24,0.363,0.66
Joey Rickard,BAL,CF,168,20,2,16,6,0.239,0.302,40,8,1,15,42,0.347,0.65
Chase d'Arnaud,ATL,SS,159,18,2,13,7,0.227,0.279,36,8,3,12,32,0.322,0.602
Jose Lobaton,WSH,C,168,16,3,19,0,0.225,0.293,38,7,0,16,41,0.328,0.621
Tomas Telis,MIA,C,143,15,2,14,1,0.248,0.286,35,8,1,8,20,0.334,0.62
Jose Rondon,SD,SS,170,18,1,14,5,0.241,0.283,41,7,1,10,33,0.322,0.606
Stefen Romero,SEA,LF,132,18,4,17,2,0.246,0.286,32,9,1,7,30,0.4,0.686
Miguel Rojas,MIA,"3B,SS",178,18,2,15,2,0.246,0.293,44,7,1,12,22,0.327,0.62
Daniel Descalso,COL,"2B,SS",149,17,3,16,2,0.235,0.302,35,8,1,14,29,0.348,0.651
J.B. Shuck,CWS,"LF,CF,RF",164,19,1,16,5,0.252,0.306,41,7,1,13,18,0.329,0.635
Dixon Machado,DET,SS,171,18,2,15,3,0.242,0.298,41,9,1,14,31,0.322,0.62
Raul Adalberto Mondesi,KC,SS,140,15,4,14,5,0.221,0.255,31,5,2,6,41,0.35,0.605
A.J. Jimenez,TOR,C,135,13,2,15,1,0.244,0.288,33,8,1,8,29,0.36,0.647
Taylor Featherston,PHI,"2B,3B,SS",166,19,3,14,5,0.22,0.262,36,9,2,9,42,0.34,0.602
Wynton Bernard,DET,"RF,CF",141,16,2,13,6,0.254,0.3,36,6,1,9,29,0.373,0.673
Jorge Bonifacio,KC,RF,188,20,4,20,3,0.224,0.269,42,9,1,12,52,0.355,0.624
Cole Gillespie,MIA,"LF,CF,RF",147,17,2,14,4,0.256,0.315,38,8,1,13,25,0.365,0.679
Martin Maldonado,MIL,C,171,17,4,18,0,0.213,0.275,36,6,0,15,43,0.318,0.593
Austin Hedges,SD,C,172,17,3,17,1,0.213,0.253,37,7,0,9,34,0.316,0.569
David Lough,PHI,"LF,CF,RF",142,16,3,14,6,0.237,0.272,34,4,2,7,25,0.347,0.619
Manny Pina,SEA,C,103,12,2,13,1,0.239,0.283,25,8,0,6,16,0.372,0.655
Pedro Severino,WSH,C,123,13,3,12,1,0.236,0.276,29,7,0,7,27,0.333,0.609
Zachary Walters,CLE,LF,141,16,6,18,1,0.229,0.276,32,9,2,9,41,0.41,0.686
Rob Brantly,SEA,C,117,12,3,13,0,0.237,0.281,28,6,1,7,24,0.341,0.622
Chris Stewart,PIT,C,156,13,1,13,1,0.251,0.297,39,6,0,10,26,0.308,0.605
Christian Walker,BAL,1B,237,28,9,30,1,0.243,0.311,58,14,1,23,60,0.399,0.71
Brett Eibner,KC,"RF,CF",150,17,4,17,3,0.229,0.29,34,8,1,13,40,0.384,0.674
Colin Moran,HOU,3B,270,29,6,30,1,0.253,0.3,68,14,1,18,66,0.38,0.679
Will Middlebrooks,MIL,3B,276,28,10,33,2,0.226,0.265,63,8,1,14,63,0.379,0.643
Cliff Pennington,LAA,"2B,3B,SS,LF",158,17,2,14,3,0.225,0.296,36,6,1,16,32,0.303,0.598
Collin Cowgill,CLE,"LF,RF",161,19,3,14,3,0.234,0.287,38,6,1,12,36,0.345,0.632
Carlos Peguero,STL,"LF,RF",113,15,5,15,2,0.228,0.297,26,8,1,11,38,0.42,0.717
Tyler Moore,WSH,"1B,LF",150,16,5,20,0,0.229,0.285,34,8,0,12,35,0.392,0.676
Kyle Skipworth,CIN,C,125,13,5,15,0,0.201,0.251,25,5,1,8,50,0.355,0.606
Chris Herrmann,ARI,C,138,15,2,14,1,0.219,0.28,30,8,1,12,35,0.335,0.615
Slade Heathcott,NYY,"CF,RF",120,14,3,14,3,0.249,0.296,30,5,1,8,34,0.397,0.692
Nolan Fontana,HOU,SS,145,18,2,14,3,0.212,0.308,31,7,1,20,45,0.323,0.632
Kristopher Negron,CHC,"2B,3B,SS,LF",171,17,3,15,4,0.21,0.266,36,8,1,13,43,0.308,0.574
Daniel Robertson,TB,"LF,CF",164,19,2,14,2,0.241,0.304,40,9,1,15,33,0.334,0.638
Jeimer Candelario,CHC,3B,239,28,6,30,1,0.246,0.295,59,14,2,17,55,0.392,0.687
Steve Lerud,SEA,C,168,16,3,15,1,0.208,0.267,35,7,0,14,54,0.305,0.572
Jimmy Paredes,BAL,"2B,DH",215,25,5,24,5,0.253,0.286,54,12,2,10,54,0.385,0.671
Rafael Ynoa,COL,"3B,LF",139,14,1,13,3,0.262,0.304,37,8,1,8,23,0.351,0.654
Bryan Anderson,OAK,C,163,16,3,15,1,0.2,0.255,33,13,1,12,50,0.295,0.55
Patrick Kivlehan,TEX,3B,208,26,6,26,4,0.246,0.292,51,10,1,14,56,0.403,0.695
Rob Refsnyder,NYY,2B,206,25,5,23,5,0.255,0.315,52,12,1,18,38,0.398,0.712
Ehire Adrianza,SF,"2B,SS",159,16,1,13,4,0.227,0.294,36,8,1,15,32,0.311,0.605
Ramon Cabrera,CIN,C,119,11,1,11,0,0.257,0.31,30,7,0,9,19,0.337,0.647
Tyler Holt,CIN,CF,152,17,1,10,7,0.235,0.309,36,6,1,16,35,0.317,0.626
Trevor Brown,SF,C,128,12,1,12,1,0.232,0.276,30,7,0,8,26,0.311,0.587
Sam Fuld,OAK,"LF,CF,RF",151,18,1,13,7,0.22,0.294,33,6,1,16,26,0.316,0.61
Giovanny Urshela,CLE,3B,273,29,7,28,1,0.24,0.277,66,13,2,14,45,0.371,0.648
Luke Maile,TB,C,135,14,2,12,1,0.218,0.268,29,7,0,9,32,0.317,0.585
Logan Schafer,WSH,"LF,CF,RF",176,19,2,15,3,0.227,0.289,40,10,2,15,32,0.329,0.617
Shawn O'Malley,SEA,"CF,LF",133,16,1,11,5,0.24,0.301,32,5,2,12,27,0.33,0.631
Kyle Roller,NYY,1B,268,33,11,33,0,0.208,0.276,56,11,1,25,105,0.403,0.678
Luis Sardinas,SEA,"2B,SS",172,16,0,12,4,0.235,0.269,40,7,2,8,30,0.294,0.563
Roger Bernadina,NYM,"LF,CF,RF",176,18,4,17,5,0.201,0.276,35,6,1,18,63,0.319,0.595
Rowdy Tellez,TOR,1B,220,24,8,30,2,0.239,0.285,53,10,0,14,61,0.378,0.662
Steve Baron,SEA,C,129,12,2,12,1,0.213,0.268,28,7,1,10,34,0.296,0.564
Efren Navarro,SEA,"1B,LF",153,17,1,14,1,0.25,0.31,38,11,1,13,29,0.343,0.652
Mason Williams,NYY,CF,132,15,2,12,4,0.239,0.301,31,8,1,12,25,0.36,0.661
Elias Diaz,PIT,"C,DH",83,8,2,9,1,0.245,0.299,20,4,0,6,19,0.359,0.658
Alfredo Gonzalez,HOU,C,94,10,2,8,1,0.234,0.293,22,3,0,8,24,0.33,0.623
Renato Nunez,OAK,3B,233,27,7,27,1,0.24,0.281,56,11,1,13,54,0.394,0.675
John Hicks,MIN,C,96,10,2,9,2,0.221,0.262,21,5,1,5,24,0.322,0.584
Nick Noonan,SD,"2B,SS",193,19,2,14,2,0.21,0.287,41,15,1,21,54,0.266,0.553
Dilson Herrera,NYM,2B,190,23,5,21,5,0.251,0.311,48,10,2,16,41,0.397,0.708
Pedro Florimon,PIT,SS,117,12,2,10,5,0.211,0.276,25,6,1,10,33,0.303,0.579
Matt Olson,OAK,1B,288,36,9,32,2,0.206,0.3,59,15,0,39,97,0.357,0.656
Kelby Tomlinson,SF,2B,216,24,1,19,10,0.254,0.307,55,8,2,16,43,0.331,0.637
Nevin Ashley,NYM,C,103,11,2,11,1,0.204,0.268,21,7,1,9,27,0.297,0.566
Andy Wilkins,MIL,"1B,3B",168,22,8,25,1,0.245,0.3,41,11,1,13,44,0.428,0.728
Marc Krauss,NYM,"1B,LF",154,17,4,18,1,0.203,0.294,31,8,1,20,44,0.327,0.621
Carlos Quentin,MIN,LF,85,11,4,14,0,0.231,0.305,20,5,0,9,20,0.438,0.743
Angelys Nina,COL,2B,241,23,3,21,6,0.259,0.29,62,10,2,11,40,0.37,0.659
Leury Garcia,CWS,CF,111,12,1,9,7,0.236,0.278,26,5,1,7,29,0.322,0.6
Rickie Weeks,ARI,LF,114,14,3,13,2,0.221,0.3,25,9,1,13,29,0.357,0.657
Oscar Hernandez,ARI,C,100,10,2,9,0,0.22,0.273,22,6,1,7,26,0.306,0.579
Chris Johnson,MIA,"1B,3B",234,21,4,24,2,0.268,0.298,63,12,0,10,52,0.376,0.674
Clint Barmes,KC,SS,129,14,2,11,0,0.229,0.262,29,6,0,6,24,0.331,0.593
Josh Thole,TOR,C,120,11,1,10,0,0.228,0.293,27,5,0,11,22,0.296,0.588
Jason Rogers,PIT,1B,185,24,6,23,1,0.26,0.32,48,8,1,16,35,0.416,0.736
Jesus Sucre,SEA,C,169,14,2,13,0,0.205,0.242,35,9,0,8,26,0.266,0.508
Bryan Holaday,DET,C,90,8,1,10,0,0.238,0.271,21,5,0,4,18,0.324,0.595
Matt Dominguez,TOR,3B,232,25,7,30,0,0.234,0.27,54,10,0,11,45,0.372,0.641
Andrew Lambo,OAK,RF,98,12,4,10,1,0.237,0.297,23,7,1,8,25,0.414,0.711
Ramon Torres,KC,2B,232,24,2,19,8,0.251,0.282,58,10,2,10,35,0.339,0.621
Jose Pirela,SD,2B,206,23,4,19,4,0.258,0.306,53,12,3,14,31,0.368,0.674
Arismendy Alcantara,CHC,2B,191,24,5,21,8,0.221,0.274,42,9,3,14,59,0.368,0.642
Tuffy Gosewisch,ARI,C,105,8,1,10,1,0.218,0.253,23,5,0,5,18,0.318,0.571
Rangel Ravelo,OAK,1B,201,24,5,25,2,0.25,0.312,50,11,1,18,44,0.402,0.713
Anthony Kemp,HOU,2B,183,23,2,15,8,0.255,0.315,47,7,1,16,32,0.348,0.663
David Ross,CHC,C,138,12,3,12,1,0.185,0.263,25,6,0,15,47,0.303,0.566
George Kottaras,SF,C,71,8,3,8,0,0.189,0.301,13,2,0,11,29,0.326,0.626
Brendan Ryan,WSH,"2B,3B,SS",135,13,1,12,1,0.214,0.262,29,7,1,9,29,0.295,0.557
Joe Wendle,OAK,2B,204,23,4,20,4,0.244,0.279,50,11,2,10,43,0.378,0.657
Jeff Mathis,MIA,C,121,10,2,12,0,0.193,0.252,23,6,1,10,34,0.3,0.552
Micah Johnson,LAD,2B,168,20,2,15,9,0.253,0.305,43,9,2,13,36,0.357,0.662
Tony Cruz,KC,C,94,8,1,9,0,0.216,0.254,20,5,1,5,17,0.318,0.572
Tyler Ladendorf,OAK,LF,116,13,2,10,1,0.225,0.292,26,6,1,11,25,0.325,0.617
Brandon Drury,ARI,3B,200,21,4,22,2,0.255,0.294,51,13,1,11,34,0.379,0.673
Brett Wallace,SD,1B,189,22,7,22,1,0.245,0.302,46,9,0,15,55,0.398,0.7
Ike Davis,TEX,1B,213,25,6,26,1,0.232,0.329,49,14,0,31,46,0.388,0.717
Mike Baxter,SEA,"LF,RF",126,14,1,9,2,0.222,0.304,28,7,2,15,29,0.315,0.619
Carlos Sanchez,CWS,2B,236,25,3,20,4,0.239,0.274,56,12,1,12,43,0.337,0.611
Gordon Beckham,ATL,"2B,3B",221,24,5,22,2,0.231,0.279,51,12,0,15,36,0.343,0.622
Sean Coyle,BOS,2B,161,19,6,19,4,0.23,0.292,37,8,0,14,53,0.402,0.694
Travis Ishikawa,CWS,"1B,LF",96,10,2,11,0,0.216,0.287,21,5,0,10,29,0.336,0.623
Eric Campbell,NYM,3B,169,23,3,19,4,0.239,0.324,40,9,0,21,35,0.354,0.678
Joey Terdoslavich,BAL,1B,169,21,5,21,1,0.247,0.319,42,15,2,18,40,0.376,0.694
Drew Butera,KC,C,101,8,1,7,0,0.193,0.243,19,4,0,7,22,0.284,0.527
Kennys Vargas,MIN,"1B,DH",167,21,6,22,0,0.242,0.299,40,7,0,14,45,0.405,0.705
Tommy La Stella,CHC,"2B,3B",174,18,2,19,3,0.261,0.32,45,10,1,15,20,0.356,0.676
Hanser Alberto,TEX,2B,186,20,2,17,4,0.255,0.276,47,8,2,5,22,0.343,0.618
Christian Villanueva,CHC,3B,168,20,5,21,1,0.24,0.293,40,11,1,12,38,0.385,0.678
Cheslor Cuthbert,KC,3B,173,19,4,19,2,0.249,0.303,43,11,1,13,31,0.374,0.677
Nate Freiman,ATL,1B,194,20,6,23,0,0.239,0.289,46,10,1,14,43,0.387,0.675
Ryan Brett,TB,2B,149,17,3,14,4,0.255,0.29,38,9,1,7,31,0.373,0.663
Conor Gillaspie,SF,3B,192,20,3,21,0,0.25,0.296,48,10,2,12,28,0.38,0.676
Garin Cecchini,MIL,1B,177,19,4,18,4,0.246,0.304,43,9,1,15,45,0.366,0.67
Ronald Torreyes,NYY,2B,159,18,2,15,2,0.265,0.301,42,7,1,8,18,0.353,0.654
Casey McGehee,DET,"1B,3B",201,19,3,21,1,0.248,0.313,50,10,0,19,36,0.338,0.65
Max Moroff,PIT,2B,187,21,2,17,5,0.228,0.289,43,8,2,16,51,0.331,0.62
Rico Noel,LAD,DH,178,21,0,11,17,0.213,0.271,38,9,2,14,55,0.247,0.518
Wilmer Difo,WSH,2B,145,16,2,14,6,0.249,0.291,36,8,1,9,30,0.349,0.64
Richie Shaffer,TB,1B,164,20,6,20,2,0.22,0.284,36,9,0,15,54,0.39,0.674
Ji-Man Choi,LAA,1B,142,18,4,19,1,0.243,0.312,35,7,1,14,32,0.393,0.705
Austin Romine,NYY,1B,162,18,5,19,1,0.242,0.286,39,8,0,10,35,0.372,0.658
Jake Goebbert,PIT,1B,147,19,4,18,2,0.24,0.322,35,8,3,18,34,0.38,0.701
Jefry Marte,LAA,1B,143,17,5,18,2,0.24,0.297,34,8,1,12,30,0.387,0.684
Colin Walsh,MIL,2B,160,19,3,15,3,0.233,0.312,37,7,1,18,45,0.352,0.663
Kaleb Cowart,LAA,3B,170,19,3,18,4,0.223,0.288,38,11,1,16,46,0.332,0.62
Joe Sclafani,HOU,"3B,2B",175,20,1,14,4,0.243,0.303,42,6,2,15,33,0.324,0.627
Eric Jagielo,NYY,3B,123,16,6,17,0,0.224,0.283,28,6,0,10,44,0.426,0.709
Matt Davidson,CWS,3B,162,19,6,19,1,0.211,0.285,34,8,1,17,56,0.367,0.652
Max Muncy,OAK,"1B,3B",173,20,4,18,1,0.223,0.306,39,12,1,21,43,0.354,0.66
Jesus Aguilar,CLE,1B,129,15,5,18,0,0.244,0.309,31,8,0,12,34,0.393,0.702
Emilio Bonifacio,ATL,2B,124,13,1,9,9,0.245,0.287,30,4,1,7,24,0.325,0.612
Dae-Ho Lee,SEA,1B,127,14,5,16,2,0.232,0.286,30,6,1,10,31,0.401,0.686
Nick Delmonico,MIL,3B,142,17,4,16,1,0.223,0.269,32,10,0,9,43,0.39,0.659
Rey Navarro,LAA,2B,133,15,2,12,2,0.248,0.294,33,9,1,8,21,0.352,0.645
Yadiel Rivera,MIL,2B,160,16,2,14,3,0.233,0.276,37,7,1,10,36,0.318,0.593
Don Kelly,MIA,"3B,1B",126,16,2,12,3,0.241,0.31,30,5,1,13,26,0.342,0.652
Darwin Barney,TOR,2B,131,15,2,13,2,0.233,0.278,31,7,0,8,18,0.325,0.603
Munenori Kawasaki,CHC,2B,170,20,0,13,2,0.238,0.332,40,9,2,24,32,0.289,0.621
Kyle Kubitza,LAA,3B,135,17,3,13,2,0.22,0.298,30,9,2,15,46,0.357,0.656
Deven Marrero,BOS,3B,129,14,2,11,4,0.238,0.293,31,6,0,10,31,0.337,0.63
Gaby Sanchez,SEA,1B,57,8,2,8,1,0.248,0.331,14,2,0,7,14,0.398,0.729
Justin O'Conner,TB,C,226,22,5,23,2,0.219,0.253,50,10,1,10,72,0.348,0.601
Boog Powell,SEA,OF,174,20,2,15,5,0.257,0.321,45,6,2,16,37,0.361,0.682
Adam Brett Walker,MIN,OF,247,31,10,35,4,0.22,0.266,54,11,1,15,92,0.404,0.67
Mpho' Ngoepe,PIT,IF,142,14,2,12,3,0.192,0.255,27,5,1,12,53,0.296,0.551
Gabby Guerrero,ARI,OF,175,19,4,18,4,0.238,0.272,42,8,1,8,49,0.367,0.638
